period,forward_rate,pool_end,pool_value,pool_defaults,interest_collections,principal_funds,swap_net,fees_paid,fees_unpaid,bal_A,int_paid_A,prin_paid_A,writedown_A,unpaid_int_A,oc_A,ic_A,breach_A,bal_B,int_paid_B,prin_paid_B,writedown_B,unpaid_int_B,oc_B,ic_B,breach_B,bal_C,int_paid_C,prin_paid_C,writedown_C,unpaid_int_C,oc_C,ic_C,breach_C,turbo_principal,reserve_draw,reserve_topup,reserve_release,reserve_end,residual_cash,resid_int,resid_prin,arrears_swept,any_breach,excess_spread,excess_spread_bp,cum_net_loss
1,0.04257148929964595,388275760.8738457,389971159.43949676,4238496.414127591,3018609.0308663063,7485742.712026702,0.0,210000.0,0.0,292514257.2879733,1339287.2324911489,7485742.712026702,0.0,0.0,1.3331697506134872,2.0970923657967955,False,40000000.0,216904.96433215318,0.0,0.0,0.0,1.1727953039371874,1.8047957293447412,False,30000000.0,187499.99999999997,0.0,0.0,0.0,1.0757401994529343,1.6107252392269082,False,0.0,0.0,0.0,0.0,3000000.0,1064916.8340430043,1064916.8340430043,0.0,0.0,False,1064916.8340430043,319.4750502129013,4238496.414127591
2,0.042160466353607894,376781863.88300204,380122967.8688095,4114263.5503911427,2932024.165617632,7379633.440452509,0.0,203844.77445876898,0.0,285134623.84752077,1295849.5277089924,7379633.440452509,0.0,0.0,1.3331350740206316,2.105321129361501,False,40000000.0,215534.88784535963,0.0,0.0,0.0,1.1691248485645034,1.805086358627173,False,30000000.0,187499.99999999997,0.0,0.0,0.0,1.070363018256473,1.6058652173041734,False,0.0,0.0,0.0,0.0,3000000.0,1029294.9756045113,1029294.9756045113,0.0,0.0,False,1029294.9756045113,318.11256204755114,8352759.964518733
3,0.04176621747713825,365514295.1197545,370452387.6845384,3992471.4474410354,2847126.570377972,7275097.315806534,0.0,197810.47853857605,0.0,277859526.53171426,1253789.631016691,7275097.315806534,0.0,0.0,1.3332362302224532,2.1130467395005335,False,40000000.0,214220.72492379416,0.0,0.0,0.0,1.1654594459593042,1.8046985030579732,False,30000000.0,187499.99999999997,0.0,0.0,0.0,1.0649482317706898,1.6003017331379579,False,0.0,0.0,0.0,0.0,3000000.0,993805.7358989108,993805.7358989108,0.0,0.0,False,993805.7358989108,316.51387643461726,12345231.41195977
4,0.04138805811135145,354469107.13723624,360956430.7311976,3873077.572943634,2763886.979671951,7172110.409574692,0.0,191895.0049378711,0.0,270687416.1221396,1213043.418561337,7172110.409574692,0.0,0.0,1.3334806468000966,2.1202802268895278,False,40000000.0,212960.19370450487,0.0,0.0,0.0,1.1617993262697706,1.8036363671248525,False,30000000.0,187499.99999999997,0.0,0.0,0.0,1.0594944622251365,1.5940416588979516,False,0.0,0.0,0.0,0.0,3000000.0,958488.362468238,958488.362468238,0.0,0.0,False,958488.362468238,314.6760743201704,16218308.984903403
5,0.04102533163458166,343642417.87607104,351632157.5095526,3756040.098800461,2682276.6111898324,7070649.162364772,0.0,186096.28124704902,0.0,263616766.9597748,1173550.2160885264,7070649.162364772,0.0,0.0,1.3338762991627466,2.1270332498106623,False,40000000.0,211751.10544860552,0.0,0.0,0.0,1.1581447264279026,1.8019042436002435,False,30000000.0,187499.99999999997,0.0,0.0,0.0,1.054000255184866,1.5870919586354453,False,0.0,0.0,0.0,0.0,3000000.0,923379.0084056514,923379.0084056514,0.0,0.0,False,923379.0084056514,312.5955937417664,19974349.083703864
6,0.04067740822224975,333030409.60812736,342476676.39751875,3641317.8897746545,2602267.1579986084,6970690.378168935,0.0,180412.26938493727,0.0,256646076.58160585,1135252.6067008302,6970690.378168935,0.0,0.0,1.334431762835156,2.1333180600675736,False,40000000.0,210591.3607408325,0.0,0.0,0.0,1.154495890672281,1.7995064414617212,False,30000000.0,187499.99999999997,0.0,0.0,0.0,1.0484640745775433,1.5794596255232032,False,0.0,0.0,0.0,0.0,3000000.0,888510.9211720084,888510.9211720084,0.0,0.0,False,888510.9211720084,310.2681886585149,23615666.97347852
7,0.04034368375325954,322629327.89711297,333487142.88342386,3528870.492298726,2523830.7808771017,6872211.218715753,0.0,174840.96504426686,0.0,248919950.7422782,1098096.2493767333,7726125.839327656,0.0,0.0,1.3351562718497745,2.139147471968959,False,40000000.0,209478.94584419852,0.0,0.0,0.0,1.150853071120788,1.7964472134514162,False,30000000.0,187499.99999999997,0.0,0.0,0.0,1.042884297329838,1.5711516205616114,True,853914.6206119028,0.0,0.0,0.0,3000000.0,0.0,0.0,0.0,0.0,True,853914.6206119028,307.68888220749324,27144537.465777244
8,0.04002357876102478,312435480.5757417,324660758.8114369,3418658.123460769,2446940.1007731436,6775189.19791041,0.0,169380.3971459843,0.0,241321512.66260147,1058398.8926574201,7598438.079676733,0.0,0.0,1.3407713499180935,2.151891616126581,False,40000000.0,208411.92920341593,0.0,0.0,0.0,1.1506885934523488,1.7978688406542187,False,30000000.0,187499.99999999997,0.0,0.0,0.0,1.0400967717835305,1.566074919743051,True,823248.8817663232,0.0,0.0,0.0,3000000.0,0.0,0.0,0.0,0.0,True,823248.8817663232,306.202373032445,30563195.589238014
9,0.03971653742730521,302445236.73921376,315994771.6389755,3310641.66016628,2371568.191380869,6679602.176361652,0.0,164028.6273022644,0.0,233849175.34099945,1019915.9607472281,7472337.321602011,0.0,0.0,1.3467107005059376,2.1644328052884667,False,40000000.0,207388.45809101735,0.0,0.0,0.0,1.1505701044662942,1.798689493979204,False,30000000.0,187499.99999999997,0.0,0.0,0.0,1.0372662485428068,1.560314298347546,True,792735.1452403595,0.0,0.0,0.0,3000000.0,0.0,0.0,0.0,0.0,True,792735.1452403592,304.47315795742924,33873837.2494043
10,0.03942202661710466,292655025.7547468,305791075.1402466,3204782.62847282,2297688.571836253,8280826.921645202,0.0,158783.74928808722,0.0,224805946.13081577,982595.7786193207,9043229.210183699,0.0,0.0,1.355647090041863,2.176790160399035,False,40000000.0,206406.75539034887,0.0,0.0,0.0,1.1514590385499457,1.7989068663589334,False,30000000.0,187499.99999999997,0.0,0.0,0.0,1.0345866760617692,1.5538691500390225,True,762402.2885384965,0.0,0.0,0.0,3000000.0,0.0,0.0,0.0,0.0,True,762402.2885384962,302.4953396885737,35383221.31222608
11,0.03913953495295562,283061336.286907,295792097.52948827,3101043.1930947797,2225275.199529001,8138351.694901464,0.0,153643.88852124207,0.0,215928233.70755458,939305.4661381913,8877712.423261179,0.0,0.0,1.3651884505367382,2.205492659938358,False,40000000.0,205465.11650985206,0.0,0.0,0.0,1.1524325779401914,1.8096475769107676,False,30000000.0,187499.99999999997,0.0,0.0,0.0,1.0318295589410047,1.554962886660869,True,739360.7283597158,0.0,0.0,0.0,3000000.0,0.0,0.0,0.0,0.0,True,739360.7283597158,303.1667991156199,36838559.085164405
12,0.03886857192698265,273660715.33848864,285994242.46092373,2999386.1470755483,2154302.463028957,7998223.380319247,0.0,148607.20155062617,0.0,207213713.02665624,897336.0544759586,8714520.680898344,0.0,0.0,1.3754351380583916,2.2351662473315534,False,40000000.0,204561.90642327548,0.0,0.0,0.0,1.153528135151725,1.8202186887082796,False,30000000.0,187499.99999999997,0.0,0.0,0.0,1.0290153341994035,1.5555284887216254,True,716297.300579097,0.0,0.0,0.0,3000000.0,0.0,0.0,0.0,0.0,True,716297.3005790969,303.66448910694095,38240956.65326354
13,0.03860866704920299,264449767.30669564,276393973.36060303,2899774.9016244384,2084745.175125224,7860404.159346004,0.0,143671.87555270654,0.0,198660064.1326991,856633.0081307071,8553648.893957138,0.0,0.0,1.3864529007871707,2.2659333473598116,False,40000000.0,203695.55683067662,0.0,0.0,0.0,1.1547530914386772,1.8306337900490404,False,30000000.0,187499.99999999997,0.0,0.0,0.0,1.0261391423884874,1.5555608791762094,True,693244.7346111339,0.0,0.0,0.0,3000000.0,0.0,0.0,0.0,0.0,True,693244.734611134,303.98724950506636,39591500.52571052
14,0.0383593690305855,255425153.05438367,266987812.4592172,2802173.4761157627,2016578.5659762037,7724856.815716369,0.0,138836.1278360152,0.0,190264974.06037498,817144.6180971396,8395090.072324133,0.0,0.0,1.3983162990782263,2.2979315980968353,False,40000000.0,202864.56343528497,0.0,0.0,0.0,1.1561156722749013,1.8409073880287397,False,30000000.0,187499.99999999997,0.0,0.0,0.0,1.0231958163272379,1.555054377108077,True,670233.2566077638,0.0,0.0,0.0,3000000.0,0.0,0.0,0.0,0.0,True,670233.2566077637,304.13333924266715,40891257.962306105
15,0.038120244999449396,246583588.9961235,257772339.84034613,2706546.4882474905,1949778.2763688047,7591544.725922549,0.0,134098.20535355143,0.0,182026138.59182364,778821.8450549586,8238835.468551346,0.0,0.0,1.4111102023950999,2.3313163113537567,False,40000000.0,202067.483331498,0.0,0.0,0.0,1.157625050329537,1.851054974776829,False,30000000.0,187499.99999999997,0.0,0.0,0.0,1.0201798444708823,1.5540026144561796,True,647290.7426287966,0.0,0.0,0.0,3000000.0,0.0,0.0,0.0,0.0,True,647290.7426287967,304.1003917845065,42141277.29464374
16,0.03789087974984222,237921846.19885114,248744192.50389707,2612859.144356953,1884320.3510850929,7460431.849834909,0.0,129456.38422296483,0.0,173941263.87872782,741618.171101747,8084874.713095816,0.0,0.0,1.4249316039578466,2.3662634428915146,False,40000000.0,201302.93249947406,0.0,0.0,0.0,1.1592914649823671,1.8610931075356363,False,30000000.0,187499.99999999997,0.0,0.0,0.0,1.0170853298182012,1.5523984480399369,True,624442.8632609071,0.0,0.0,0.0,3000000.0,0.0,0.0,0.0,0.0,True,624442.8632609071,303.8853635652406,43342588.242081195
17,0.0376708750205918,229436749.49687386,239900063.44449192,2521077.2298911167,1820181.2323746807,7331482.721470473,0.0,124908.96925439684,0.0,166008067.93713614,705489.4595971117,7933195.941591673,0.0,0.0,1.4398918345499676,2.4029731983358245,False,40000000.0,200569.58340197266,0.0,0.0,0.0,1.1611263614954235,1.8710395047864414,False,30000000.0,187499.99999999997,0.0,0.0,0.0,1.0139059436644666,1.5502338661760793,True,601713.2201211995,0.0,0.0,0.0,3000000.0,0.0,0.0,0.0,0.0,True,601713.2201211995,303.48447428486963,44496202.222588
18,0.03745984880378066,221125176.62100446,231236700.7445676,2431167.1000289754,1757337.7535311827,7204662.439906907,0.0,120454.29348585877,0.0,158224282.02256665,670393.822703447,7783785.914569516,0.0,0.0,1.456119281702697,2.441674437637845,False,40000000.0,199866.16267926883,0.0,0.0,0.0,1.1631425536510258,1.8809131610543586,False,30000000.0,187499.99999999997,0.0,0.0,0.0,1.0106348733842068,1.547499889072729,True,579123.4746626081,0.0,0.0,0.0,3000000.0,0.0,0.0,0.0,0.0,True,579123.4746626082,302.89313770312054,45603112.65855046
19,0.03725743468144177,212984057.34160018,222750906.68195567,2343095.6704536444,1695767.132571091,7079936.660339796,0.0,116090.71772602733,0.0,150587651.89254674,636291.4962268359,7636630.130019885,0.0,0.0,1.4737627540621465,2.482630090473367,False,40000000.0,199191.44893813922,0.0,0.0,0.0,1.1653544145385677,1.8907344835544662,False,30000000.0,187499.99999999997,0.0,0.0,0.0,1.0072647632798266,1.5441864620629733,True,556693.4696800885,0.0,0.0,0.0,3000000.0,0.0,0.0,0.0,0.0,True,556693.4696800885,302.10588130408775,46664295.27761498
20,0.037063281189324324,205010372.6252854,214439536.85171166,2256830.4082717933,1635446.9660134478,6957271.585280895,0.0,111816.63010434009,0.0,143095938.9633671,603144.7213792966,7491712.929179626,0.0,0.0,1.4929956767709247,2.526143862164301,False,40000000.0,198544.27063108108,0.0,0.0,0.0,1.1677781012754715,1.9005254545011698,False,30000000.0,187499.99999999997,0.0,0.0,0.0,1.0037876473527876,1.5402823405996042,True,534441.34389873,0.0,0.0,0.0,3000000.0,0.0,0.0,0.0,0.0,True,534441.34389873,301.11625287044956,47680708.40864886
21,0.03687705120662434,197201153.80514237,206299499.30196968,2172339.3230780833,1576355.2227587225,6836633.955895161,0.0,107630.44562827483,0.0,135746921.36746433,570917.6331007597,7349017.595902768,0.0,0.0,1.5140213674996874,2.5725686018025584,False,40000000.0,197923.50402208112,0.0,0.0,0.0,1.1704318208518085,1.910309823726021,False,30000000.0,187499.99999999997,0.0,0.0,0.0,1.0001948726361523,1.5357749657712274,True,512383.6400076067,0.0,0.0,0.0,3000000.0,0.0,0.0,0.0,0.0,True,512383.6400076067,299.91671159632483,48653293.27289672
22,0.0366984213706209,189553481.76415545,198327753.6835979,2089590.9581622982,1518470.2380653173,6717991.043474369,0.0,103530.60574769974,0.0,128538394.91750357,539576.1545958213,7208526.449960762,0.0,0.0,1.537079732317392,2.6223168319539663,False,40000000.0,197328.07123540298,0.0,0.0,0.0,1.1733361460872336,1.9201133372814803,False,29789358.766094327,187499.99999999997,0.0,210641.23390567303,0.0,0.9964770114613456,1.530650328913527,True,490535.4064863933,0.0,0.0,0.0,3000000.0,0.0,0.0,0.0,0.0,True,490535.4064863933,298.4985008583261,49582974.27040924
23,0.03652708151520126,182064486.13169965,190521310.41343856,2008554.3818569316,1461770.7076221607,6601310.641045203,0.0,99515.5779261816,0.0,121466857.47519092,509087.89775644353,7071537.442312645,0.0,0.0,1.5624558479804598,2.6758741185941632,False,40000000.0,196756.9383840042,0.0,0.0,0.0,1.1765143930106912,1.9299640090090846,False,29054452.93824762,186183.49228808953,0.0,734905.8278467059,0.0,0.9937143118602233,1.5271433499156104,True,470226.80126744165,0.0,0.0,0.0,3000000.0,0.0,0.0,0.0,0.0,True,470226.8012674416,297.68493634055403,50470659.26181987
24,0.036362734132300144,174731344.492866,182877229.8509151,1929199.1790229785,1406235.6817158672,6486561.055109637,0.0,95583.85521914231,0.0,114526860.91126323,479416.87304028857,6939996.563927691,0.0,0.0,1.590509291981401,2.733845845234951,False,40000000.0,196209.11377433382,0.0,0.0,0.0,1.1800030976532518,1.9399073630605335,False,28350368.939651877,181590.3308640476,0.0,704083.9985957444,0.0,0.9937103209505286,1.52896275941871,True,453435.5088180549,0.0,0.0,0.0,3000000.0,0.0,0.0,0.0,0.0,True,453435.5088180549,298.8625745429918,51317239.845543854
25,0.036205093855317914,167551281.61042145,175392621.4877965,1851495.4426717635,1351844.55949096,6373711.097515593,0.0,91733.95585875465,0.0,107716433.59702857,450520.93485592684,6810427.314234654,0.0,0.0,1.6217060879858154,2.7970078771926086,False,40000000.0,195683.64618439306,0.0,0.0,0.0,1.183860226450084,1.950018060230342,False,27676187.890767932,177189.80587282422,0.0,674181.0488839447,0.0,0.9937060899779844,1.5303852244563922,True,436716.2167190613,0.0,0.0,0.0,3000000.0,0.0,0.0,0.0,0.0,True,436716.21671906137,299.9229826702731,52123591.63047284
26,0.036053886963620795,160521568.65920147,168064643.15090832,1775413.7657206333,1298577.0833016916,6262730.07745578,0.0,87964.42284547126,0.0,101033619.73086253,422373.07421657897,6682813.866166052,0.0,0.0,1.6565648894077556,2.866216466808815,False,40000000.0,195179.62321206933,0.0,0.0,0.0,1.1881247289340389,1.9603390374569514,False,27031023.420045793,172976.17431729956,0.0,645164.4707221389,0.0,0.9937015967399405,1.5313958841028574,True,420083.78871027246,0.0,0.0,0.0,3000000.0,0.0,0.0,0.0,0.0,True,420083.7887102724,300.863438111101,52890574.504237026
27,0.035908850907262674,153639522.47273996,160890500.21758738,1700925.2328804033,1246413.333154004,6153587.7935927315,0.0,84273.82354608076,0.0,94476480.0774427,394947.5837146752,6557139.653419818,0.0,0.0,1.69572561193867,2.942515811028473,False,40000000.0,194696.1696908756,0.0,0.0,0.0,1.192841504459419,1.9709180380456193,False,26414020.140144676,168943.8963752862,0.0,617003.2799011171,0.0,0.9936968162088994,1.5319778933175041,True,403551.85982708633,0.0,0.0,0.0,3000000.0,0.0,0.0,0.0,0.0,True,403551.8598270862,301.68047561298505,53619032.897105835
28,0.035769733851103276,146902504.80194095,153867444.84367588,1628001.4126724591,1195333.7212362068,6046254.526308015,0.0,80660.74929818847,0.0,88043092.63694385,368219.9857009214,6433387.440498863,0.0,0.0,1.7399870223637752,3.0271930238012317,False,40000000.0,194232.44617034425,0.0,0.0,0.0,1.1980625602998207,1.981808431745114,False,25824352.206732035,165087.62587590422,0.0,589667.9334126413,0.0,0.993691720068494,1.5321121635413546,True,387132.9141908486,0.0,0.0,0.0,3000000.0,0.0,0.0,0.0,0.0,True,387132.9141908486,302.36978711740295,54309796.04159684
29,0.035636294237531126,140307921.5856025,146992775.2038581,1556614.3495734693,1145318.9865369634,5940701.030073704,0.0,77123.81502101899,0.0,81731553.24858794,342166.964483227,6311539.388355909,0.0,0.0,1.7903592371304087,3.1218536048014864,False,40000000.0,193787.6474584371,0.0,0.0,0.0,1.2038484526750866,1.9930702110129652,False,25261221.95527017,161402.20129207522,0.0,563130.2514618635,0.0,0.9936862761548991,1.5317770633982575,True,370838.35828220507,0.0,0.0,0.0,3000000.0,0.0,0.0,0.0,0.0,True,370838.35828220507,302.9261009120427,54963678.22786158
30,0.035508300367031995,133853222.23260386,140263834.7441425,1486736.5562856782,1096350.1895492054,5836898.52594416,0.0,73661.6588324413,0.0,75539976.13270001,316766.30232911644,6191577.11588793,0.0,0.0,1.8481385185390884,3.2285269083142647,False,40000000.0,193361.00122344,0.0,0.0,0.0,1.2102700946805394,2.00477120827429,False,24723858.611442477,157882.63722043857,0.0,537363.3438276947,0.0,0.9936804477803861,1.5309480717208321,True,354678.589943769,0.0,0.0,0.0,3000000.0,0.0,0.0,0.0,0.0,True,354678.58994376904,303.34303517770644,55581479.054916024
31,0.03538552999587464,127535898.91557176,133678011.44629781,1418341.0061307875,1048408.707058612,5734818.694166234,0.0,70272.94167211703,0.0,69466494.37518764,291996.8190659176,6073481.75751238,0.0,0.0,1.9150162588488768,3.349816510041102,False,40000000.0,192951.76665291545,0.0,0.0,0.0,1.21741104484211,2.016988592587845,False,24211517.071110174,154524.11632151547,0.0,512341.54033230245,0.0,0.9936741929089683,1.529597373375882,True,338663.0633461466,0.0,0.0,0.0,3000000.0,0.0,0.0,0.0,0.0,True,338663.0633461466,303.61291961217086,56163983.677781895
32,0.03526776995021513,121353485.87584303,127232737.1040525,1351401.1255654744,1001476.2270153179,5634433.666906041,0.0,66956.34693067516,0.0,63509260.358142026,267838.3150832579,5957234.017045604,0.0,0.0,1.9932418864795522,3.4891194704318007,False,40000000.0,192559.23316738376,0.0,0.0,0.0,1.2253704321781267,2.0298107225711974,False,23723476.74591048,151321.98169443858,0.0,488040.32519969344,0.0,0.9936674631449594,1.5276933861643147,True,322800.3501395625,0.0,0.0,0.0,3000000.0,0.0,0.0,0.0,0.0,True,322800.3501395624,303.7265769568973,56711963.0506046
33,0.035154815755949836,115303558.73954517,120925486.61087207,1285890.7868166096,955534.743487525,5535716.021090447,0.0,63710.580084817586,0.0,57666446.14004953,244271.51755222445,5842814.21809249,0.0,0.0,2.085873616900583,3.650954365615051,False,40000000.0,192182.71918649945,0.0,0.0,0.0,1.2342667342406286,2.043339457686564,False,23259040.470822543,148271.72966194048,0.0,464436.2750879377,0.0,0.9936602024829843,1.5252002042810153,True,307098.197002043,0.0,0.0,0.0,3000000.0,0.0,0.0,0.0,0.0,True,307098.197002043,303.67305375923263,57226174.165812016
34,0.035046471283674316,109383733.8446181,114753777.25913002,1221784.3006342803,910566.5516957286,5438638.771361493,0.0,60534.36833826121,0.0,51936243.788903736,221278.02968494516,5730202.351145793,0.0,0.0,2.197177768713453,3.841466703982045,False,40000000.0,191821.57094558107,0.0,0.0,0.0,1.2442427130506595,2.0576930649655387,False,22817533.470226273,145369.0029426409,0.0,441507.00059626997,0.0,0.9936523457510997,1.5220769402591876,True,291563.5797843003,0.0,0.0,0.0,3000000.0,0.0,0.0,0.0,0.0,True,291563.5797843003,303.43928632027973,57707360.289377585
35,0.034942548408131574,103591667.57860367,108715168.05049163,1159056.4091607514,866554.2431262712,5343175.363141944,0.0,57426.4602684245,0.0,46316865.67132065,198840.2828673527,5619378.117583085,0.0,0.0,2.3332905885713653,4.069234720399285,False,40000000.0,191475.16136043856,0.0,0.0,0.0,1.2554719451210534,2.073009907303676,False,22398302.379170984,142609.5841889142,0.0,419231.0910552889,0.0,0.9936438166553773,1.5182769427469496,True,276202.75444114127,0.0,0.0,0.0,3000000.0,0.0,0.0,0.0,0.0,True,276202.75444114127,303.00968314008344,58156251.19225008
36,0.03484286668155851,97925055.72703202,102807259.01733324,1097682.2789135224,823480.7007229778,5249299.665810275,0.0,54385.625478766924,0.0,40806544.700581014,176941.49150650055,5510320.970739638,0.0,0.0,2.5033686925477574,4.346606715564819,False,40000000.0,191142.88893852837,0.0,0.0,0.0,1.2681675802422039,2.0894531691737197,False,22000714.316752225,139989.38986981864,0.0,397588.06241875887,0.0,0.9936345253016247,1.5137468615386527,True,261021.30492936325,0.0,0.0,0.0,3000000.0,0.0,0.0,0.0,0.0,True,261021.30492936325,302.3655987365638,58573563.37801145
37,0.034747253020363196,93055531.23797962,97701588.96076412,1037637.4938806742,781329.0941556225,4483087.560240709,0.0,51410.65425669181,0.0,36077432.95209764,155565.61044202006,4729111.748483375,0.0,0.0,2.689765695574669,4.692029541908135,False,40000000.0,190824.17673454396,0.0,0.0,0.0,1.2800991021818449,2.1072169761369786,False,21624156.008666486,137504.4644797014,0.0,376558.3080857396,0.0,0.9936680626228304,1.508425523553086,True,246024.18824266535,0.0,0.0,0.0,3000000.0,0.0,0.0,0.0,0.0,True,246024.18824266538,301.4846646747438,58960000.306823134
38,0.03465554140458905,88289863.75630128,92707691.27472332,986038.8386672866,744138.9839934839,4402274.3828404285,0.0,48854.1538999393,0.0,31442804.41339278,137261.22782631495,4634628.538704863,0.0,0.0,2.926826429993065,5.065413162217456,False,40000000.0,190518.47134863018,0.0,0.0,0.0,1.2934424300595457,2.12119552200349,False,21264886.86133054,135150.97505416552,0.0,359269.14733594656,0.0,0.9936588676360933,1.501919982406348,True,232354.15586443403,0.0,0.0,0.0,3000000.0,0.0,0.0,0.0,0.0,True,232354.15586443403,299.63290019188173,59323393.40566104
39,0.03456757258964404,83626195.10283962,87823544.26968227,935540.6773372414,707735.040116581,4322822.598638695,0.0,46352.17847205817,0.0,26901127.427335795,119397.68937743796,4541676.9860569835,0.0,0.0,3.238333449836741,5.5393271435410325,False,40000000.0,190225.24196548012,0.0,0.0,0.0,1.3084560200279614,2.1360913378603037,False,20922416.842346475,132905.54288331585,0.0,342470.01898406446,0.0,0.9936490893202602,1.4945543624078843,True,218854.38741828894,0.0,0.0,0.0,3000000.0,0.0,0.0,0.0,0.0,True,218854.38741828897,297.4580022309787,59664239.46048401
40,0.034483193829794395,79062698.17635927,83047160.26882012,886123.3201763001,672103.2608781182,4244710.008756389,0.0,43903.752428990796,0.0,22450889.427579053,101962.43275145933,4450237.999756743,0.0,0.0,3.665502746286677,6.161087878124763,False,40000000.0,189943.979432648,0.0,0.0,0.0,1.32543742030476,2.152057927569326,False,20596270.84124106,130765.10526466546,0.0,326146.00110541284,0.0,0.9936386526947011,1.4862593823234478,True,205527.9910003547,0.0,0.0,0.0,3000000.0,0.0,0.0,0.0,0.0,True,205527.99100035464,294.9238440145782,59983026.378208
41,0.03440225861294268,74597576.44963393,78376585.05458035,837767.4067793769,637229.878168116,4167914.7701721415,0.0,41507.91654258861,0.0,18090597.007905744,84943.42399012708,4360292.41967331,0.0,0.0,4.286861767476549,7.01316162737645,False,40000000.0,189674.1953764756,0.0,0.0,0.0,1.3447595205166802,2.1692780055392737,False,20285988.046674594,128726.69275775662,0.0,310282.7945664674,0.0,0.9936274689128937,1.47695639610719,True,192377.6495011681,0.0,0.0,0.0,3000000.0,0.0,0.0,0.0,0.0,True,192377.64950116805,291.98747921106195,60280233.33476119
42,0.03432462640622967,70229063.47357889,73809897.32408305,790453.9007109555,603101.3536331288,4092415.3900707266,0.0,39163.72763605781,0.0,13818775.967721175,68329.12923741534,4271821.040184568,0.0,0.0,5.272820380473004,8.25325351414361,False,40000000.0,189415.42135409891,0.0,0.0,0.0,1.3668959789509734,2.187971092707314,False,19991121.356361866,126787.42529171621,0.0,294866.6903127283,0.0,0.9936154318939213,1.466555868863088,True,179405.65011384062,0.0,0.0,0.0,3000000.0,0.0,0.0,0.0,0.0,True,179405.6501138406,288.597552873536,60556330.9207455
43,0.03425016241201844,65955422.38930108,69345208.15325183,744164.0842507577,569704.3749562525,4018190.720280776,0.0,36870.258323628914,0.0,9633971.335397989,52108.488072890046,4184804.6323231864,0.0,0.0,7.075619098498488,10.225476430774352,False,40000000.0,189167.20804006146,0.0,0.0,0.0,1.3924576951997962,2.208403603084751,False,19711236.81785384,124944.50847726165,0.0,279884.5385080278,0.0,0.9936024139216835,1.4549555430150154,True,166613.91204241046,0.0,0.0,0.0,3000000.0,0.0,0.0,0.0,0.0,True,166613.91204241046,284.69224073607563,60811781.28474255
44,0.034178737333836785,61774945.44794172,64980660.46951749,698879.5532233081,537025.8521964687,3945219.951800339,0.0,34626.59675438306,0.0,5534747.371083578,36270.88837030488,4099223.9643144105,0.0,0.0,11.422657818528672,13.851308253409144,False,40000000.0,188929.12444612262,0.0,0.0,0.0,1.4222463626538429,2.230902428285464,False,19445913.09843391,123195.23011158648,0.0,265323.7194199264,0.0,0.9935882598228865,1.442038218489373,True,154004.01251407168,0.0,0.0,0.0,3000000.0,0.0,0.0,0.0,0.0,True,154004.01251407166,280.1965453667749,61047038.27430156
45,0.03411022715187175,57685953.53818811,60714428.5329625,654582.2119100713,505052.9141863883,3873482.609408959,0.0,32431.846360169402,0.0,1519687.5504813353,20806.142594817105,4015059.820602243,0.0,0.0,36.5471115343228,22.715458460039137,False,40000000.0,188700.75717290584,0.0,0.0,0.0,1.4573352220649678,2.2558735218277133,False,19194740.982481167,121536.95686521193,0.0,251172.11595274508,0.0,0.9935727791578733,1.4276690485462367,True,141577.21119328402,0.0,0.0,0.0,3000000.0,0.0,0.0,0.0,0.0,True,141577.21119328402,275.01870248531554,61262547.57464622
46,0.03404451290762626,53686795.721332654,56544717.42577192,611254.2680428528,473772.9049874661,3802958.546364877,0.0,30285.125607548754,0.0,0.0,5704.465456934619,1519687.5504813353,0.0,0.0,inf,77.74396790163617,False,37587394.53102607,188481.70969208752,2412605.4689739295,0.0,0.0,1.4991946258012074,2.283827770126151,False,18957322.89474585,119967.13114050728,0.0,237418.08773531765,0.0,0.9935557355852507,1.4116922231949738,True,129334.47309038792,0.0,0.0,0.0,3000000.0,0.0,0.0,0.0,0.0,True,129334.47309038794,269.04533632389763,61458746.8451368
47,0.03398148049736409,49775848.77376012,52466906.233883336,568878.2278771722,443173.38040178147,3736484.2551622707,0.0,28185.56775369964,0.0,0.0,0.0,0.0,0.0,0.0,inf,inf,False,33731321.70557046,176915.9742625732,3856072.8254556176,0.0,0.0,1.5499407787356612,2.345677457210109,False,18735584.528312877,118483.26809216155,0.0,221738.36643297225,0.0,0.993536482547644,1.4048370921335582,True,119588.57029334705,0.0,0.0,0.0,3000000.0,0.0,0.0,0.0,0.0,True,119588.57029334706,267.3027555917138,61633209.53754705
48,0.03392102047398443,45951516.7367451,48479332.68247116,527436.8913443487,413242.1045394852,3671111.416605563,0.0,26132.32060622406,0.0,0.0,0.0,0.0,0.0,0.0,inf,inf,False,29948794.20771397,158596.29938037886,3782527.49785649,0.0,0.0,1.6127409694225567,2.4408500415562244,False,18530538.474757195,117097.40330195548,0.0,205046.0535556823,0.0,0.9935145613266134,1.4041299462661465,True,111416.08125092679,0.0,0.0,0.0,3000000.0,0.0,0.0,0.0,0.0,True,111416.08125092677,268.60274770762555,61786430.15795651
49,0.0338630278569821,43302856.486977175,45670988.44354514,486913.3472810452,383967.0464410341,2516196.2305574054,0.0,24124.546286791174,0.0,0.0,0.0,0.0,0.0,0.0,inf,inf,False,27329238.40265392,140667.0601843672,2619555.8050600486,0.0,0.0,1.6648437191977183,2.5581148826357105,False,18341750.040891223,115815.86546723246,0.0,188788.43386597186,0.0,0.9936438626490544,1.4029881296778581,True,103359.5745026433,0.0,0.0,0.0,3000000.0,0.0,0.0,0.0,0.0,True,103359.57450264331,269.9181620353138,61918894.17716703
50,0.033807401950163296,40710564.97806901,42927128.97386675,458847.50485383597,362451.0944484753,2468550.96676608,0.0,22733.999655663014,0.0,0.0,0.0,0.0,0.0,0.0,inf,inf,False,24763842.81316144,128236.53431083942,2565395.5894924826,0.0,0.0,1.7267072394747602,2.6491443847769136,False,18163286.160705313,114635.93775557014,0.0,178463.88018590957,0.0,0.9936274775454443,1.3987468069247557,True,96844.62272640268,0.0,0.0,0.0,3000000.0,0.0,0.0,0.0,0.0,True,96844.62272640271,268.3738596012323,62042634.71930911
51,0.033754046166800555,38173643.24872515,40246577.26791517,431378.9591916343,341390.9209559029,2421724.330436599,0.0,21373.04661348623,0.0,0.0,0.0,0.0,0.0,0.0,inf,inf,False,22251710.00996008,116088.86307324798,2512132.803201359,0.0,0.0,1.8013769508488748,2.7566630068596387,False,17994867.25795508,113520.53850440819,0.0,168418.90275023133,0.0,0.9936100533300815,1.3937490021905024,True,90408.47276476047,0.0,0.0,0.0,3000000.0,0.0,0.0,0.0,0.0,True,90408.47276476049,266.4914313425933,62157832.11821636
52,0.033702867861923225,35691108.90177653,37628176.13729015,404497.1250597687,320778.4670676266,2375702.8555891574,0.0,20041.162705580704,0.0,0.0,0.0,0.0,0.0,0.0,inf,inf,False,19791955.263487063,104217.49311596839,2459754.7464730158,0.0,0.0,1.8931456325731577,2.8856701055685474,False,17836220.873803087,112467.92036221926,0.0,158646.38415199518,0.0,0.9935914266886622,1.3878982416706107,True,84051.89088385824,0.0,0.0,0.0,3000000.0,0.0,0.0,0.0,0.0,True,84051.89088385826,264.2196564877216,62264663.60957582
53,0.03365377817145217,33261995.837343767,35070787.888664484,378191.5927410429,300605.8073419273,2330473.2929810444,0.0,18737.83217343268,0.0,0.0,0.0,0.0,0.0,0.0,inf,inf,False,17383706.464585893,92616.08878709647,2408248.7989011733,0.0,0.0,2.0084657160201025,3.043401841514228,False,17687081.42407859,111476.38046126928,0.0,149139.4497244954,0.0,0.9935713959447872,1.381079743934509,True,77775.50592012888,0.0,0.0,0.0,3000000.0,0.0,0.0,0.0,0.0,True,77775.5059201289,261.4953975260464,62363303.38102754
54,0.03360669185789958,30885353.990241386,32573294.00688138,352452.12520827097,280865.14764284034,2286022.6066581355,0.0,17462.547814605477,0.0,0.0,0.0,0.0,0.0,0.0,inf,inf,False,15026104.03882974,81278.52182972479,2357602.4257561546,0.0,0.0,2.1575027211725075,3.240740528968436,False,17547189.96805164,110544.25890049119,0.0,139891.4560269527,0.0,0.993549709039978,1.3731559871331989,True,71579.81909801891,0.0,0.0,0.0,3000000.0,0.0,0.0,0.0,0.0,True,71579.8190980189,258.2400146331151,62453922.621471785
55,0.033561527162365795,28560249.07155588,30134594.84311543,327268.6553417485,261548.82302606586,2242337.970560903,0.0,16214.810844876727,0.0,0.0,0.0,0.0,0.0,0.0,inf,inf,False,12718300.855031086,70198.86164311566,2307803.183798654,0.0,0.0,2.357254871701217,3.494843170369969,False,17416293.988084346,109669.93730032274,0.0,130895.9799672924,0.0,0.9935260466907172,1.36396091830433,True,65465.213237750766,0.0,0.0,0.0,3000000.0,0.0,0.0,0.0,0.0,True,65465.21323775075,254.35439694206633,62536689.56959639
56,0.03351820566257625,26285762.314331684,27753609.30801675,302631.28319095104,242649.29565846664,2199406.7651841133,0.0,14994.130762566836,0.0,0.0,0.0,0.0,0.0,0.0,inf,inf,False,10459462.128457904,59371.36608130423,2258838.726573182,0.0,0.0,2.6384531559078095,3.8344269287006916,False,17294147.179558847,108851.83742552715,0.0,122146.80852549896,0.0,0.9934999983029285,1.353292293513213,True,59431.96138906841,0.0,0.0,0.0,3000000.0,0.0,0.0,0.0,0.0,True,59431.96138906843,249.71194574738664,62611769.56163647
57,0.03347665213671197,24060990.22330034,25429274.569759574,278530.2732797625,224159.15277062333,2157216.5742893196,0.0,13800.025215024134,0.0,0.0,0.0,0.0,0.0,0.0,inf,inf,False,8248765.3192437105,48790.47275848342,2210696.8092141924,0.0,0.0,3.0629393462099483,4.311479591454114,False,17180509.250515863,108088.41987224278,0.0,113637.9290429838,0.0,0.9934710267299637,1.340901405077858,True,53480.23492487299,0.0,0.0,0.0,3000000.0,0.0,0.0,0.0,0.0,True,53480.23492487299,244.1484524679621,62679325.07837848
58,0.033436794432797234,21885044.32858885,23160545.756917484,254956.0519545438,206071.1046419256,2115755.1816693665,0.0,12632.019867232679,0.0,0.0,0.0,0.0,0.0,0.0,inf,inf,False,6085400.026447618,38450.79083224354,2163365.2927960916,0.0,0.0,3.7763749345566335,5.030822008801999,False,17075145.730469868,107378.18281572414,0.0,105363.52004599571,0.0,0.993438415340634,1.3264790935281245,True,47610.11112672524,0.0,0.0,0.0,3000000.0,0.0,0.0,0.0,0.0,True,47610.11112672524,237.44714087761983,62739515.7914206
59,0.03339856334341764,19757050.94334445,20941773.0516413,231899.20477436797,188377.9826176851,2079633.1824115636,0.0,11489.648272509146,0.0,0.0,0.0,0.0,0.0,0.0,inf,inf,False,3963945.2637436837,28347.09323736813,2121454.7627039347,0.0,0.0,5.227906133084168,6.240087223899048,False,16977827.787897617,106719.66081543667,0.0,97317.94257225096,0.0,0.9933997391065087,1.3096363763655774,True,41821.580292371174,0.0,0.0,0.0,3000000.0,0.0,0.0,0.0,0.0,True,41821.58029237116,229.315945617193,62787875.994253434
60,0.03336189248555094,17676150.925213974,18772061.639411274,209350.47394275398,171072.73715776493,2044101.1278643748,0.0,10372.451745255836,0.0,0.0,0.0,0.0,0.0,0.0,inf,inf,False,1883708.0644863148,18452.790345154877,2080237.199257369,0.0,0.0,9.777909200328637,8.70872547764593,False,16888353.57492496,106111.42367436009,0.0,89474.21297265589,0.0,0.9933531344563343,1.2900999430489148,True,36136.07139299414,0.0,0.0,0.0,3000000.0,0.0,0.0,0.0,0.0,True,36136.07139299414,219.48258267867016,62824674.88451954
61,0.03332671818530205,16504194.13337966,17513226.29986515,187300.7557802438,154148.4359162277,1146454.8860779768,0.0,9279.979235737335,0.0,0.0,0.0,0.0,0.0,0.0,inf,inf,False,706700.3681760834,8763.436604954855,1177007.6963102312,0.0,0.0,23.75469758933369,16.531009832213723,False,16806525.931689065,105552.209843281,0.0,81827.64323589578,0.0,0.993624023556131,1.2672670905648018,True,30552.810232254516,0.0,0.0,0.0,3000000.0,0.0,0.0,0.0,0.0,True,30552.810232254516,207.41717149748538,62850176.79027588
62,0.03329297936734213,15356994.04998178,16284702.547023244,174882.4191309883,144032.5950797491,1123594.30136331,0.0,8664.701920024321,0.0,0.0,0.0,0.0,0.0,0.0,inf,inf,False,0.0,3285.7432550451094,706700.3681760834,0.0,0.0,inf,41.19856076760517,False,16284702.547023244,105040.78707305665,443935.29601884965,77888.08864697255,0.0,0.9935978152841878,1.24962825588265,True,27041.362831623002,0.0,0.0,0.0,3000000.0,0.0,0.0,0.0,0.0,True,27041.362831623017,196.61447954201154,62873782.57231044
63,0.03326061744885964,14234116.822441835,15085935.03361262,162726.4105315663,134130.1385446519,1101131.667091687,0.0,8062.421876240434,0.0,0.0,0.0,0.0,0.0,0.0,inf,inf,False,0.0,0.0,0.0,0.0,0.0,inf,inf,False,15085935.03361262,101779.39091889527,1125419.9928412032,73347.52056942135,0.0,0.9935696387173333,1.238636972870773,True,24288.32574951621,0.0,0.0,0.0,3000000.0,0.0,0.0,0.0,0.0,True,24288.32574951621,189.7896867353024,62895528.1327587
64,0.03322957623783942,13135135.729428425,13916377.731572703,150828.1327754823,124437.3293638932,1079060.4223746269,0.0,7472.911331781963,0.0,0.0,0.0,0.0,0.0,0.0,inf,inf,False,0.0,0.0,0.0,0.0,0.0,inf,inf,False,13916377.731572703,94287.09396007887,1101737.7464466593,67819.55559325777,0.0,0.9935391097459612,1.2405135540780792,True,22677.324072032367,0.0,0.0,0.0,3000000.0,0.0,0.0,0.0,0.0,True,22677.324072032367,191.18003052732104,62915448.803397484
65,0.03319980183549292,12059631.066660322,12775493.78121648,139183.06422065393,114950.49199194153,1057374.1118238308,0.0,6895.946257949923,0.0,0.0,0.0,0.0,0.0,0.0,inf,inf,False,0.0,0.0,0.0,0.0,0.0,inf,inf,False,12775493.78121648,86977.36082232938,1078451.296735493,62432.65362072922,0.0,0.99350573022593,1.2423295523385338,True,21077.184911662218,0.0,0.0,0.0,3000000.0,0.0,0.0,0.0,0.0,True,21077.184911662218,192.55698924624107,62933579.35434175
66,0.033171242542670426,11007190.034517586,11662755.342793576,127786.75757935365,105666.01130172063,1036066.3838752868,0.0,6331.3063099966685,0.0,0.0,0.0,0.0,0.0,0.0,inf,inf,False,0.0,0.0,0.0,0.0,0.0,inf,inf,False,11662755.342793576,79846.836132603,1055554.2527344078,57184.185688495636,0.0,0.9934688420522979,1.2440656361982474,True,19487.868859120965,0.0,0.0,0.0,3000000.0,0.0,0.0,0.0,0.0,True,19487.868859120965,193.91507502742618,62949954.0026092
67,0.033143848770092604,9977406.627432264,10577643.450417355,116634.83872730934,96580.3316171153,1015130.9891398285,0.0,5778.774768121732,0.0,0.0,0.0,0.0,0.0,0.0,inf,inf,False,0.0,0.0,0.0,0.0,0.0,inf,inf,False,10577643.450417355,72892.22089245985,1033040.3250963622,52071.567279858515,0.0,0.9934275570857851,1.24569612144149,True,17909.335956533716,0.0,0.0,0.0,3000000.0,0.0,0.0,0.0,0.0,True,17909.335956533716,195.24695295026183,62964606.42055469
68,0.033117572952245516,8969881.525030605,9519647.86831861,105723.00553166127,87689.95576079516,994561.7787797457,0.0,5238.138479401939,0.0,0.0,0.0,0.0,0.0,0.0,inf,inf,False,0.0,0.0,0.0,0.0,0.0,inf,inf,False,9519647.86831861,66110.27156510846,1010903.3244960305,47092.257602715865,0.0,0.9933806466966946,1.2471861834690976,True,16341.54571628476,0.0,0.0,0.0,3000000.0,0.0,0.0,0.0,0.0,True,16341.54571628476,196.54260462458876,62977569.74417661
69,0.03309236946478966,7984221.984999217,8488266.949389108,95047.02669747887,78991.44411711459,974352.702911012,0.0,4709.187800641068,0.0,0.0,0.0,0.0,0.0,0.0,inf,inf,False,0.0,0.0,0.0,0.0,0.0,inf,inf,False,8488266.949389108,59497.799176991306,989137.1600504942,42243.75887900777,0.0,0.9933263608904526,1.2484874624606213,True,14784.457139482212,0.0,0.0,0.0,3000000.0,0.0,0.0,0.0,0.0,True,14784.457139482212,197.7879921587718,62988876.58129698
70,0.03306819454533963,7020041.73764801,7483007.495978817,84602.74063254464,70481.41370985142,954497.8090307598,0.0,4191.716542124589,0.0,0.0,0.0,0.0,0.0,0.0,inf,inf,False,0.0,0.0,0.0,0.0,0.0,inf,inf,False,7483007.495978817,53051.668433681916,967735.8377648047,37523.615645485,0.0,0.993262118411938,1.249530865378783,True,13238.028734044914,0.0,0.0,0.0,3000000.0,0.0,0.0,0.0,0.0,True,13238.028734044914,198.9628358367275,62998559.01961743
71,0.03304500621747669,6076960.88214319,6499728.094553648,74386.05433011778,62156.53729455071,938647.7688270977,0.0,3685.521912265205,0.0,0.0,0.0,0.0,0.0,0.0,inf,inf,False,0.0,0.0,0.0,0.0,0.0,inf,inf,False,6499728.094553648,46768.796849867605,950349.9873595156,32929.41406565439,0.0,0.9931801376362456,1.2502142308681399,True,11702.2185324179,0.0,0.0,0.0,3000000.0,0.0,0.0,0.0,0.0,True,11702.2185324179,200.03673430588924,63002992.106295146
72,0.03302276421786257,5154605.78438398,5538039.609489565,64392.942269393876,54013.54246524353,923052.7197024437,0.0,3190.4044631251745,0.0,0.0,0.0,0.0,0.0,0.0,inf,inf,False,0.0,0.0,0.0,0.0,0.0,inf,inf,False,5538039.609489565,40623.300590960294,933252.5571136017,28435.927950480953,0.0,0.9930718998749914,1.2510834241131994,True,10199.837411158063,0.0,0.0,0.0,3000000.0,0.0,0.0,0.0,0.0,True,10199.837411158063,201.41325788941077,63002294.48435192
73,0.03300142992632768,4671532.229039358,5016482.5791681055,54619.445333382086,46049.210775314015,488785.36312143237,0.0,2706.168036801589,0.0,0.0,0.0,0.0,0.0,0.0,inf,inf,False,0.0,0.0,0.0,0.0,0.0,inf,inf,False,5016482.5791681055,34612.74755930978,497515.658300635,24041.372020824812,0.0,0.993509602487615,1.2522277425172064,True,8730.29517920265,0.0,0.0,0.0,3000000.0,0.0,0.0,0.0,0.0,True,8730.29517920265,203.24258834267374,62996582.6765751
74,0.03298096629881253,4198769.620309278,4507847.017351024,49500.68150316198,41733.7166605583,478935.15291517926,0.0,2452.5544202456626,0.0,0.0,0.0,0.0,0.0,0.0,inf,inf,False,0.0,0.0,0.0,0.0,0.0,inf,inf,False,4507847.017351024,31353.016119800657,486863.29903569125,21772.26278138999,0.0,0.9934545237521786,1.2528670954723569,True,7928.146120511974,0.0,0.0,0.0,3000000.0,0.0,0.0,0.0,0.0,True,7928.146120511974,203.6542803980774,62990410.13239
75,0.032961337803045776,3736137.632635775,4011896.796625207,44491.17494857185,37510.317680706685,469255.51575667283,0.0,2204.354050662371,0.0,0.0,0.0,0.0,0.0,0.0,inf,inf,False,0.0,0.0,0.0,0.0,0.0,inf,inf,False,4011896.796625207,28174.043858443896,476387.4355282732,19562.785197543446,0.0,0.9933900952947072,1.2531379523448476,True,7131.91977160042,0.0,0.0,0.0,3000000.0,0.0,0.0,0.0,0.0,True,7131.91977160042,203.8288474919971,62983786.60430683
76,0.0329425103568474,3283458.895486133,3528399.729943255,39589.01489653469,33377.403405109144,459743.657744031,0.0,1961.4722571337818,0.0,0.0,0.0,0.0,0.0,0.0,inf,inf,False,0.0,0.0,0.0,0.0,0.0,inf,inf,False,3528399.729943255,25074.354978907544,466085.2339130988,17411.832768853288,0.0,0.9933129547040298,1.2529108395570825,True,6341.576169067819,0.0,0.0,0.0,3000000.0,0.0,0.0,0.0,0.0,True,6341.576169067819,203.6833797665197,62976721.68371245
77,0.032924451268949634,2840558.9461407484,3057127.507139665,34792.321886133286,29333.389791522808,450396.82967191667,0.0,1723.8159201302199,0.0,0.0,0.0,0.0,0.0,0.0,inf,inf,False,0.0,0.0,0.0,0.0,0.0,inf,inf,False,3057127.507139665,22052.49831214534,455953.9052311639,15318.31757242605,0.0,0.993217877367876,1.2519930159653025,True,5557.075559247249,0.0,0.0,0.0,3000000.0,0.0,0.0,0.0,0.0,True,5557.075559247249,203.09347195617607,62969224.80338593
78,0.03290712918223308,2407266.1832273835,2597855.6324546495,30099.247268339022,25376.71876452546,441212.32632401754,0.0,1491.2934467238929,0.0,0.0,0.0,0.0,0.0,0.0,inf,inf,False,0.0,0.0,0.0,0.0,0.0,inf,inf,False,2597855.6324546495,19107.046919622906,445990.7047221962,13281.1699628192,0.0,0.9930962790791379,1.2500846111008015,True,4778.378398178662,0.0,0.0,0.0,3000000.0,0.0,0.0,0.0,0.0,True,4778.378398178662,201.86358341920055,62961305.23997527
79,0.032890514019279435,1983411.8209900842,2150363.3630497963,25507.972713649688,21505.857800593778,432187.4857766672,0.0,1263.8147461943763,0.0,0.0,0.0,0.0,0.0,0.0,inf,inf,False,0.0,0.0,0.0,0.0,0.0,inf,inf,False,2150363.3630497963,16236.597702841558,436192.93112822506,11299.338276628405,0.0,0.9929329968436471,1.2466924059377817,True,4005.4453515578425,0.0,0.0,0.0,3000000.0,0.0,0.0,0.0,0.0,True,4005.4453515578425,199.6677581963689,62952972.11643591
80,0.03287457693014615,1568829.84428118,1714433.6484998523,21016.709727511865,17719.29951974171,423319.6887134394,0.0,1041.2912060197941,0.0,0.0,0.0,0.0,0.0,0.0,inf,inf,False,0.0,0.0,0.0,0.0,0.0,inf,inf,False,1714433.6484998523,13439.771019061225,426557.9260081001,9371.788541844115,0.0,0.9926984904760151,1.2409443799353426,True,3238.237294660694,0.0,0.0,0.0,3000000.0,0.0,0.0,0.0,0.0,True,3238.237294660694,195.9192091359558,62944234.40443137
81,0.03285929024227249,1163356.964264995,1289853.071245274,16623.69917340532,14015.561283615578,414606.35775053734,0.0,823.6356682476195,0.0,0.0,0.0,0.0,0.0,0.0,inf,inf,False,0.0,0.0,0.0,0.0,0.0,inf,inf,False,1289853.071245274,10715.210303124077,417083.07306278124,7497.504191796994,0.0,0.9923265040093973,1.2311401495798717,True,2476.7153122438813,0.0,0.0,0.0,3000000.0,0.0,0.0,0.0,0.0,True,2476.7153122438813,189.44427820050944,62935100.92669702
82,0.032844627412429966,766832.5748220664,876411.7879903745,12327.210803468852,10393.184799944282,406044.9567728126,0.0,610.7624062391224,0.0,0.0,0.0,0.0,0.0,0.0,inf,inf,False,0.0,0.0,0.0,0.0,0.0,inf,inf,False,876411.7879903745,8061.581695282962,407765.7974712348,5675.4857836647425,0.0,0.9916312982863914,1.2134619189468867,True,1720.8406984221974,0.0,0.0,0.0,3000000.0,0.0,0.0,0.0,0.0,True,1720.8406984221974,177.50431737960176,62925580.35936713
83,0.032830562980633624,379098.70964284136,472127.86732850864,8125.542796548889,6850.73573324472,399408.5949839408,0.0,402.5871017815848,0.0,0.0,0.0,0.0,0.0,0.0,inf,inf,False,0.0,0.0,0.0,0.0,0.0,inf,inf,False,472127.86732850864,5477.57367493984,400379.16994046414,3904.7507214017096,0.0,0.989779259867849,1.1771906712937008,True,970.5749565232945,0.0,0.0,0.0,3000000.0,0.0,0.0,0.0,0.0,True,970.5749565232945,151.8832123293934,62913905.62956242
84,0.03281707252593435,0.0,76839.49622765929,4017.0213035539496,3386.8033216837603,392878.15831871616,0.0,199.0268225624917,0.0,0.0,0.0,0.0,0.0,0.0,inf,inf,False,0.0,0.0,0.0,0.0,0.0,inf,inf,False,76839.49622765929,2950.7991708031786,393115.1356470343,2173.235453815112,0.0,0.9695871087446469,1.080309541449948,True,236.9773283180898,0.0,0.0,0.0,3000000.0,0.0,0.0,0.0,0.0,True,236.9773283180898,75.01286254696637,62900126.180886544
85,0.032804132624015186,0.0,61003.89026904851,0.0,0.0,15835.605958613876,0.0,0.0,0.0,0.0,0.0,0.0,0.0,0.0,inf,inf,False,0.0,0.0,0.0,0.0,0.0,inf,inf,False,61003.89026904541,0.0,15835.605958613876,0.0,480.24685142287046,1.0000000000000508,0.0,True,0.0,0.0,0.0,0.0,3000000.0,0.0,0.0,0.0,0.0,True,-480.24685142287046,0.0,62884290.57492793
86,0.03279172080651831,0.0,47086.96151459217,0.0,0.0,13916.928754453314,0.0,0.0,0.0,0.0,0.0,0.0,0.0,0.0,inf,inf,False,0.0,0.0,0.0,0.0,0.0,inf,inf,False,47086.9615145921,0.0,13916.928754453314,0.0,861.5211656044042,1.0000000000000016,0.0,True,0.0,0.0,0.0,0.0,3000000.0,0.0,0.0,0.0,0.0,True,-381.2743141815338,0.0,62870373.64617348
87,0.032779815522031734,0.0,35047.26260725409,0.0,0.0,12039.698907335609,0.0,0.0,0.0,0.0,0.0,0.0,0.0,0.0,inf,inf,False,0.0,0.0,0.0,0.0,0.0,inf,inf,False,35047.26260725409,0.0,12039.698907335609,2.4010660126805305e-09,1155.8146750706048,0.9999999999999315,0.0,True,0.0,0.0,0.0,0.0,3000000.0,0.0,0.0,0.0,0.0,True,-294.2935094662006,0.0,62858333.94726614
88,0.03276839609866833,0.0,24844.07352179289,0.0,0.0,10203.189085459875,0.0,0.0,0.0,0.0,0.0,0.0,0.0,0.0,inf,inf,False,0.0,0.0,0.0,0.0,0.0,inf,inf,False,24844.07352179289,0.0,10203.189085459875,1.3242242857813835e-09,1374.8600663659429,0.9999999999999467,0.0,True,0.0,0.0,0.0,0.0,3000000.0,0.0,0.0,0.0,0.0,True,-219.04539129533802,0.0,62848130.75818068
89,0.03275744270817189,0.0,16437.389630787075,0.0,0.0,8406.683891004746,0.0,0.0,0.0,0.0,0.0,0.0,0.0,0.0,inf,inf,False,0.0,0.0,0.0,0.0,0.0,inf,inf,False,16437.389630787075,0.0,8406.683891004746,1.0695657692849636e-09,1530.1355258771484,0.9999999999999349,0.0,True,0.0,0.0,0.0,0.0,3000000.0,0.0,0.0,0.0,0.0,True,-155.27545951120555,0.0,62839724.07428967
90,0.0327469363314881,0.0,9787.909961424768,0.0,0.0,6649.479669362128,0.0,0.0,0.0,0.0,0.0,0.0,0.0,0.0,inf,inf,False,0.0,0.0,0.0,0.0,0.0,inf,inf,False,9787.909961424768,0.0,6649.479669362128,1.7826096154749393e-10,1632.8692110695677,0.9999999999999818,0.0,True,0.0,0.0,0.0,0.0,3000000.0,0.0,0.0,0.0,0.0,True,-102.7336851924192,0.0,62833074.59462031
91,0.032736858725740586,0.0,4857.025640040636,0.0,0.0,4930.884321387541,0.0,0.0,0.0,0.0,0.0,0.0,0.0,0.0,inf,inf,False,0.0,0.0,0.0,0.0,0.0,inf,inf,False,4857.025640037227,0.0,4930.884321387541,0.0,1694.0436483284725,1.0000000000007019,0.0,True,0.0,0.0,0.0,0.0,3000000.0,0.0,0.0,0.0,0.0,True,-61.174437258904796,0.0,62828143.710298926
92,0.03272719239255468,0.0,1606.8085214197636,0.0,0.0,3250.2171186195555,0.0,0.0,0.0,0.0,0.0,0.0,0.0,0.0,inf,inf,False,0.0,0.0,0.0,0.0,0.0,inf,inf,False,1606.8085214176717,0.0,3250.2171186195555,0.0,1724.400058578705,1.0000000000013018,0.0,True,0.0,0.0,0.0,0.0,3000000.0,0.0,0.0,0.0,0.0,True,-30.356410250232667,0.0,62824893.493180305
93,0.03271792054767385,0.0,0.0,0.0,0.0,1606.8085214215798,0.0,0.0,0.0,0.0,0.0,0.0,0.0,0.0,inf,inf,False,0.0,0.0,0.0,0.0,0.0,inf,inf,False,0.0,1734.4426118375654,1606.8085214176717,0.0,0.0,inf,0.0,True,0.0,0.0,0.0,3000000.0,0.0,2998265.557388166,0.0,2998265.557388166,1734.4426118375654,True,-10.042553258860448,0.0,62823286.684658885
94,0.03270902709181621,0.0,0.0,0.0,0.0,0.0,0.0,0.0,0.0,0.0,0.0,0.0,0.0,0.0,inf,inf,False,0.0,0.0,0.0,0.0,0.0,inf,inf,False,0.0,0.0,0.0,0.0,0.0,inf,inf,False,0.0,0.0,0.0,0.0,0.0,0.0,0.0,0.0,0.0,False,0.0,0.0,62823286.684658885
95,0.032700496582720284,0.0,0.0,0.0,0.0,0.0,0.0,0.0,0.0,0.0,0.0,0.0,0.0,0.0,inf,inf,False,0.0,0.0,0.0,0.0,0.0,inf,inf,False,0.0,0.0,0.0,0.0,0.0,inf,inf,False,0.0,0.0,0.0,0.0,0.0,0.0,0.0,0.0,0.0,False,0.0,0.0,62823286.684658885
96,0.03269231420833171,0.0,0.0,0.0,0.0,0.0,0.0,0.0,0.0,0.0,0.0,0.0,0.0,0.0,inf,inf,False,0.0,0.0,0.0,0.0,0.0,inf,inf,False,0.0,0.0,0.0,0.0,0.0,inf,inf,False,0.0,0.0,0.0,0.0,0.0,0.0,0.0,0.0,0.0,False,0.0,0.0,62823286.684658885
97,0.03268446576108407,0.0,0.0,0.0,0.0,0.0,0.0,0.0,0.0,0.0,0.0,0.0,0.0,0.0,inf,inf,False,0.0,0.0,0.0,0.0,0.0,inf,inf,False,0.0,0.0,0.0,0.0,0.0,inf,inf,False,0.0,0.0,0.0,0.0,0.0,0.0,0.0,0.0,0.0,False,0.0,0.0,62823286.684658885
98,0.03267693761322945,0.0,0.0,0.0,0.0,0.0,0.0,0.0,0.0,0.0,0.0,0.0,0.0,0.0,inf,inf,False,0.0,0.0,0.0,0.0,0.0,inf,inf,False,0.0,0.0,0.0,0.0,0.0,inf,inf,False,0.0,0.0,0.0,0.0,0.0,0.0,0.0,0.0,0.0,False,0.0,0.0,62823286.684658885
99,0.03266971669317574,0.0,0.0,0.0,0.0,0.0,0.0,0.0,0.0,0.0,0.0,0.0,0.0,0.0,inf,inf,False,0.0,0.0,0.0,0.0,0.0,inf,inf,False,0.0,0.0,0.0,0.0,0.0,inf,inf,False,0.0,0.0,0.0,0.0,0.0,0.0,0.0,0.0,0.0,False,0.0,0.0,62823286.684658885
100,0.032662790462789595,0.0,0.0,0.0,0.0,0.0,0.0,0.0,0.0,0.0,0.0,0.0,0.0,0.0,inf,inf,False,0.0,0.0,0.0,0.0,0.0,inf,inf,False,0.0,0.0,0.0,0.0,0.0,inf,inf,False,0.0,0.0,0.0,0.0,0.0,0.0,0.0,0.0,0.0,False,0.0,0.0,62823286.684658885
101,0.0326561468956257,0.0,0.0,0.0,0.0,0.0,0.0,0.0,0.0,0.0,0.0,0.0,0.0,0.0,inf,inf,False,0.0,0.0,0.0,0.0,0.0,inf,inf,False,0.0,0.0,0.0,0.0,0.0,inf,inf,False,0.0,0.0,0.0,0.0,0.0,0.0,0.0,0.0,0.0,False,0.0,0.0,62823286.684658885
102,0.03264977445604449,0.0,0.0,0.0,0.0,0.0,0.0,0.0,0.0,0.0,0.0,0.0,0.0,0.0,inf,inf,False,0.0,0.0,0.0,0.0,0.0,inf,inf,False,0.0,0.0,0.0,0.0,0.0,inf,inf,False,0.0,0.0,0.0,0.0,0.0,0.0,0.0,0.0,0.0,False,0.0,0.0,62823286.684658885
103,0.03264366207918214,0.0,0.0,0.0,0.0,0.0,0.0,0.0,0.0,0.0,0.0,0.0,0.0,0.0,inf,inf,False,0.0,0.0,0.0,0.0,0.0,inf,inf,False,0.0,0.0,0.0,0.0,0.0,inf,inf,False,0.0,0.0,0.0,0.0,0.0,0.0,0.0,0.0,0.0,False,0.0,0.0,62823286.684658885
104,0.03263779915173788,0.0,0.0,0.0,0.0,0.0,0.0,0.0,0.0,0.0,0.0,0.0,0.0,0.0,inf,inf,False,0.0,0.0,0.0,0.0,0.0,inf,inf,False,0.0,0.0,0.0,0.0,0.0,inf,inf,False,0.0,0.0,0.0,0.0,0.0,0.0,0.0,0.0,0.0,False,0.0,0.0,62823286.684658885
105,0.03263217549354556,0.0,0.0,0.0,0.0,0.0,0.0,0.0,0.0,0.0,0.0,0.0,0.0,0.0,inf,inf,False,0.0,0.0,0.0,0.0,0.0,inf,inf,False,0.0,0.0,0.0,0.0,0.0,inf,inf,False,0.0,0.0,0.0,0.0,0.0,0.0,0.0,0.0,0.0,False,0.0,0.0,62823286.684658885
106,0.0326267813398971,0.0,0.0,0.0,0.0,0.0,0.0,0.0,0.0,0.0,0.0,0.0,0.0,0.0,inf,inf,False,0.0,0.0,0.0,0.0,0.0,inf,inf,False,0.0,0.0,0.0,0.0,0.0,inf,inf,False,0.0,0.0,0.0,0.0,0.0,0.0,0.0,0.0,0.0,False,0.0,0.0,62823286.684658885
107,0.032621607324587465,0.0,0.0,0.0,0.0,0.0,0.0,0.0,0.0,0.0,0.0,0.0,0.0,0.0,inf,inf,False,0.0,0.0,0.0,0.0,0.0,inf,inf,False,0.0,0.0,0.0,0.0,0.0,inf,inf,False,0.0,0.0,0.0,0.0,0.0,0.0,0.0,0.0,0.0,False,0.0,0.0,62823286.684658885
108,0.03261664446365155,0.0,0.0,0.0,0.0,0.0,0.0,0.0,0.0,0.0,0.0,0.0,0.0,0.0,inf,inf,False,0.0,0.0,0.0,0.0,0.0,inf,inf,False,0.0,0.0,0.0,0.0,0.0,inf,inf,False,0.0,0.0,0.0,0.0,0.0,0.0,0.0,0.0,0.0,False,0.0,0.0,62823286.684658885
109,0.032611884139764714,0.0,0.0,0.0,0.0,0.0,0.0,0.0,0.0,0.0,0.0,0.0,0.0,0.0,inf,inf,False,0.0,0.0,0.0,0.0,0.0,inf,inf,False,0.0,0.0,0.0,0.0,0.0,inf,inf,False,0.0,0.0,0.0,0.0,0.0,0.0,0.0,0.0,0.0,False,0.0,0.0,62823286.684658885
110,0.03260731808728004,0.0,0.0,0.0,0.0,0.0,0.0,0.0,0.0,0.0,0.0,0.0,0.0,0.0,inf,inf,False,0.0,0.0,0.0,0.0,0.0,inf,inf,False,0.0,0.0,0.0,0.0,0.0,inf,inf,False,0.0,0.0,0.0,0.0,0.0,0.0,0.0,0.0,0.0,False,0.0,0.0,62823286.684658885
111,0.03260293837787613,0.0,0.0,0.0,0.0,0.0,0.0,0.0,0.0,0.0,0.0,0.0,0.0,0.0,inf,inf,False,0.0,0.0,0.0,0.0,0.0,inf,inf,False,0.0,0.0,0.0,0.0,0.0,inf,inf,False,0.0,0.0,0.0,0.0,0.0,0.0,0.0,0.0,0.0,False,0.0,0.0,62823286.684658885
112,0.0325987374067907,0.0,0.0,0.0,0.0,0.0,0.0,0.0,0.0,0.0,0.0,0.0,0.0,0.0,inf,inf,False,0.0,0.0,0.0,0.0,0.0,inf,inf,False,0.0,0.0,0.0,0.0,0.0,inf,inf,False,0.0,0.0,0.0,0.0,0.0,0.0,0.0,0.0,0.0,False,0.0,0.0,62823286.684658885
113,0.032594707879615936,0.0,0.0,0.0,0.0,0.0,0.0,0.0,0.0,0.0,0.0,0.0,0.0,0.0,inf,inf,False,0.0,0.0,0.0,0.0,0.0,inf,inf,False,0.0,0.0,0.0,0.0,0.0,inf,inf,False,0.0,0.0,0.0,0.0,0.0,0.0,0.0,0.0,0.0,False,0.0,0.0,62823286.684658885
114,0.03259084279963277,0.0,0.0,0.0,0.0,0.0,0.0,0.0,0.0,0.0,0.0,0.0,0.0,0.0,inf,inf,False,0.0,0.0,0.0,0.0,0.0,inf,inf,False,0.0,0.0,0.0,0.0,0.0,inf,inf,False,0.0,0.0,0.0,0.0,0.0,0.0,0.0,0.0,0.0,False,0.0,0.0,62823286.684658885
115,0.032587135455662025,0.0,0.0,0.0,0.0,0.0,0.0,0.0,0.0,0.0,0.0,0.0,0.0,0.0,inf,inf,False,0.0,0.0,0.0,0.0,0.0,inf,inf,False,0.0,0.0,0.0,0.0,0.0,inf,inf,False,0.0,0.0,0.0,0.0,0.0,0.0,0.0,0.0,0.0,False,0.0,0.0,62823286.684658885
116,0.03258357941041142,0.0,0.0,0.0,0.0,0.0,0.0,0.0,0.0,0.0,0.0,0.0,0.0,0.0,inf,inf,False,0.0,0.0,0.0,0.0,0.0,inf,inf,False,0.0,0.0,0.0,0.0,0.0,inf,inf,False,0.0,0.0,0.0,0.0,0.0,0.0,0.0,0.0,0.0,False,0.0,0.0,62823286.684658885
117,0.03258016848929803,0.0,0.0,0.0,0.0,0.0,0.0,0.0,0.0,0.0,0.0,0.0,0.0,0.0,inf,inf,False,0.0,0.0,0.0,0.0,0.0,inf,inf,False,0.0,0.0,0.0,0.0,0.0,inf,inf,False,0.0,0.0,0.0,0.0,0.0,0.0,0.0,0.0,0.0,False,0.0,0.0,62823286.684658885
118,0.03257689676972704,0.0,0.0,0.0,0.0,0.0,0.0,0.0,0.0,0.0,0.0,0.0,0.0,0.0,inf,inf,False,0.0,0.0,0.0,0.0,0.0,inf,inf,False,0.0,0.0,0.0,0.0,0.0,inf,inf,False,0.0,0.0,0.0,0.0,0.0,0.0,0.0,0.0,0.0,False,0.0,0.0,62823286.684658885
119,0.03257375857080792,0.0,0.0,0.0,0.0,0.0,0.0,0.0,0.0,0.0,0.0,0.0,0.0,0.0,inf,inf,False,0.0,0.0,0.0,0.0,0.0,inf,inf,False,0.0,0.0,0.0,0.0,0.0,inf,inf,False,0.0,0.0,0.0,0.0,0.0,0.0,0.0,0.0,0.0,False,0.0,0.0,62823286.684658885
120,0.0325707484434904,0.0,0.0,0.0,0.0,0.0,0.0,0.0,0.0,0.0,0.0,0.0,0.0,0.0,inf,inf,False,0.0,0.0,0.0,0.0,0.0,inf,inf,False,0.0,0.0,0.0,0.0,0.0,inf,inf,False,0.0,0.0,0.0,0.0,0.0,0.0,0.0,0.0,0.0,False,0.0,0.0,62823286.684658885
