severity,cdr,writedown_pct_A,writedown_pct_B,writedown_pct_C,writedown_pct_R
0.3,0.0,0.0,0.0,0.0,0.0
0.3,0.05,0.0,0.0,0.0,0.0
0.3,0.1,0.0,0.0,0.0,0.0
0.3,0.15,0.0,0.0,0.0,0.4353571457899792
0.3,0.2,0.0,0.0,0.15433542757532553,0.6848940259559988
0.3,0.3,0.0,0.0,0.7001640164950954,0.8025739565465713
0.3,0.4,0.0,0.08760153849359005,1.0,0.8997442840411529
0.5,0.0,0.0,0.0,0.0,0.0
0.5,0.05,0.0,0.0,0.0,0.0
0.5,0.1,0.0,0.0,0.0,0.5131998719726669
0.5,0.15,0.0,0.0,0.45536109836224903,0.7379389815618117
0.5,0.2,0.0,0.0,0.9717584229027414,0.7936639190943263
0.5,0.3,0.0,0.6354928898930904,1.0,0.898112396166002
0.5,0.4,0.018911124747013616,1.0,1.0,0.9706031501595428
0.7,0.0,0.0,0.0,0.0,0.0
0.7,0.05,0.0,0.0,0.0,0.06193041355943048
0.7,0.1,0.0,0.0,0.3544925699682244,0.7036893920399607
0.7,0.15,0.0,0.031654778707011944,1.0,0.8671951403335105
0.7,0.2,0.0,0.5946150000428664,1.0,0.8956287768869959
0.7,0.3,0.06822428037945089,1.0,1.0,0.9694576672623395
0.7,0.4,0.1797538427044081,1.0,1.0,0.9582324849526965
