scenario,tranche,par,wal,yield_at_par,discount_margin,first_prin_month,last_prin_month,interest_paid,cash_received,writedown,writedown_pct,unpaid_int_end,unpaid_int_peak,any_shortfall,write_down_flag
Base,A,300000000.0,1.592249992180281,0.049997787735508475,0.010999999999999711,1.0,42.0,23841743.11011724,323841743.1101172,0.0,0.0,0.0,0.0,False,False
Base,B,40000000.0,3.827501450569639,0.05973536998708799,0.022500000000000023,42.0,51.0,9121028.358096344,49121028.35809633,0.0,0.0,0.0,0.0,False,False
Base,C,30000000.0,4.713188427193804,0.07499999999999962,0.0382988005263247,51.0,63.0,10604673.961186055,40604673.96118605,0.0,0.0,0.0,0.0,False,False
Base,R,33000000.0,5.884314566498501,0.1816165658172312,0.14452498705075112,63.0,90.0,0.0,57063657.54405437,0.0,0.0,0.0,0.0,False,False
Mild stress,A,300000000.0,1.6022323272353323,0.04997097359575875,0.011000000000000171,1.0,43.0,23977143.96402984,323977143.9640299,0.0,0.0,0.0,0.0,False,False
Mild stress,B,40000000.0,3.9946362137378437,0.059611608208299735,0.02250000000001803,43.0,55.0,9498107.056129519,49498107.056129515,0.0,0.0,0.0,0.0,False,False
Mild stress,C,30000000.0,5.2352663135264565,0.0749999999999997,0.03857783121969873,55.0,77.0,11779349.205434527,41779349.20543452,0.0,0.0,0.0,0.0,False,False
Mild stress,R,33000000.0,6.581659199475192,0.03205660952872182,-0.005115249201413229,77.0,90.0,0.0,35794208.52361685,0.0,0.0,0.0,0.0,False,False
Stress,A,300000000.0,1.7292493497230674,0.04981542590942817,0.010999999999999973,1.0,46.0,25793467.5345473,325793467.5345473,0.0,0.0,0.0,0.0,False,False
Stress,B,40000000.0,4.399750728047031,0.059336185342138095,0.022499999999999867,46.0,62.0,10409227.5270764,50409227.52707641,0.0,0.0,0.0,0.0,False,False
Stress,C,30000000.0,5.9067581359894,-0.02709893494087004,-0.0632309436447167,62.0,93.0,10352104.456045475,26428351.99891945,13923752.457126027,0.4641250819042009,0.0,1724.400058578705,True,True
Stress,R,33000000.0,7.749999999999999,-0.2786193449560416,-0.31377747706055503,93.0,93.0,0.0,8856661.39498049,24143338.60501951,0.7316163213642276,0.0,0.0,True,True
Severe stress,A,300000000.0,1.9997128783093405,0.04936088500547474,0.011000000000236022,1.0,65.0,29534373.808617488,329534373.8086176,0.0,0.0,0.0,0.0,False,False
Severe stress,B,40000000.0,6.054709002777946,-0.18259275185430462,-0.21860238125684064,65.0,96.0,8469511.497419331,17282006.214859925,31187505.282559395,0.7796876320639848,0.0,0.0,True,True
Severe stress,C,30000000.0,,-0.3533381100235056,-0.3883693165110848,,,2581661.19218206,2581661.19218206,30000000.0,1.0,0.0,1644161.19218206,True,True
Severe stress,R,33000000.0,8.0,-0.4890341013453112,,96.0,96.0,0.0,2595371.316168475,30404628.683831524,0.9213523843585311,0.0,0.0,True,True
Fast prepay,A,300000000.0,0.9990423743710272,0.050999690541239734,0.010999999999898822,1.0,29.0,15270849.047332617,315270849.0473325,0.0,0.0,0.0,0.0,False,False
Fast prepay,B,40000000.0,2.706106174185877,0.060728957339990654,0.02249999999990221,29.0,37.0,6562363.089428174,46562363.08942817,0.0,0.0,0.0,0.0,False,False
Fast prepay,C,30000000.0,3.4944760218505024,0.07500000000000376,0.037469344387832906,37.0,48.0,7862571.049163629,37862571.049163625,0.0,0.0,0.0,0.0,False,False
Fast prepay,R,33000000.0,4.7300554591486454,0.14098070200102722,0.10380537952483289,48.0,90.0,0.0,49935210.76952222,0.0,0.0,0.0,0.0,False,False
Rate shock,A,300000000.0,1.5192086450330584,0.08013570817354515,0.011000000000000473,1.0,41.0,36462508.99057734,336462508.9905774,0.0,0.0,0.0,0.0,False,False
Rate shock,B,40000000.0,3.799009987152207,0.0898361921827993,0.022499999999999916,41.0,51.0,13615257.872124834,53615257.872124836,0.0,0.0,0.0,0.0,False,False
Rate shock,C,30000000.0,4.812364377575263,0.0737152505239124,0.007039605423632501,51.0,67.0,10827819.849544343,40827819.84954434,0.0,0.0,0.0,2437499.9999999995,True,False
Rate shock,R,33000000.0,6.042753405417286,-0.08646681448396135,-0.15233019878769113,67.0,90.0,0.0,20143222.036964204,12856777.963035796,0.3895993322132059,0.0,0.0,True,True
